//Component/common/Gold/JAF_Utilities,GOLD-BAS-JAF_Utilities
//OPSC_Gold/customer/astelit/api,GOLD-BAS-astelit_api
//prelim_data/GSM_R,GOLD-Packages-GSM_R
//Component/common/idbm,GOLD-RTE-idbm
//Component/common/ORGA/oslee/cc-hubject-ws,GOLD-NGCP-cc-hubject-ws
//Component/common/ORGA/opsc_gold_commons,GOLD-BAS-opsc_gold_commons
//SI/PI/OPSC_Gold_TPA,GOLD-Integration-TPA-OPSC_Gold_TPA
//Component/qa/tietotestenv,GOLD-Dev-Tools-tietotestenv
//OPSC_Gold/sdk,GOLD-Devtools-sdk
//Component/common/Gold/JAF_MsgSrvConnector,GOLD-common-JAF_MsgSrvConnector
//SI/CD/TimBrasil/RulestoXML,GOLD-Integration-TimBrasil-RulestoXML
//Component/common/ORGA/oslee/crm-ws,GOLD-NGCP-crm-ws
//Component/qa/scriptgen,GOLD-Dev-Tools-scriptgen
//Component/common/ORGA/oslee/config,GOLD-NGCP-oslee_config
//COS/CustomerConfig/Digitel/phase2,GOLD-Integration-phase2
//Component/common/ORGA/oslee/api_vf_fiji,GOLD-BSG-oslee_api_vf_fiji
//COS/CustomerConfig/Entel/OPSC_Gold_demo,GOLD-Integration-Entel-OPSC_Gold_demo
//Component/common/Gold/JAF_build-templates,GOLD-BAS-JAF_build-templates
//COS/CustomerConfig/MTI_PoC/OPSC_Gold,GOLD-Integration-MTI_PoC-OPSC_Gold
//Component/common/ORGA/oust,GOLD-RTE-oust
//SI/CD/TimBrasil/JobExecutor,GOLD-Integration-TimBrasil-JobExecutor
//Component/common/JAF/OrgaVal,GOLD-BAS-Jaf_OrgaVal
//OPSC_Gold/AddOn/faf,GOLD-BAS-faf
//JavaProducts/oslee_ngcp_sdk,GOLD-SDK-oslee_ngcp_sdk
//COS/CustomerConfig/TPA/OPSC_Gold,GOLD-Integration-TPA-OPSC_Gold
//prelim_data/NGCP,GOLD-Packages-NGCP
//SCP/lic_geocell,GOLD-SCP-lic_geocell
//Component/common/ORGA/oslee/cam,GOLD-NGCP-cam
//Component/common/JAF/EclipsePlugin,GOLD-BAS-EclipsePlugin
//SI/PI/OPSC_Gold_Astelit,GOLD-Integration-OPSC_Gold_Astelit
//Component/common/JAF/LdapSecurity,GOLD-BAS-LdapSecurity
//Component/common/JAF/JEE,GOLD-BAS-JEE
//COS/CustomerConfig/Digitel,GOLD-Integration-Digitel
//SI/CD/TPA/bep,GOLD-Integration-TPA-bep
//SI/CD/Digitel/customerbsgcore,GOLD-Integration-Digitel-customerbsgcore
//SI/CD/Digitel/customerbsgws,GOLD-Integration-Digitel-customerbsgws
//ORGA/rmgmt/cmtools/OpenSourceScanner/src,GOLD-Devtools-OpenSourceScanner
//OPSC_Gold/common,GOLD-common-sys
//Component/network/ncg_retry,GOLD-RTE-ncg_retry
//OPSC_Gold/AddOn/OM-Adapter,GOLD-AddOn-OM-Adapter
//COS/CustomerConfig/Tellabs/OPSC_Gold,GOLD-Integration-Tellabs-OPSC_Gold
//OPSC_Gold/db,GOLD-ODB-db
//Component/common/basis/inbound/infobus,GOLD-Integration-inbound-infobus
//Component/qa/scriptgen,GOLD-Dev-Tools-scriptgen
//COS/CustomerConfig/GEP/OPSC_Gold,GOLD-Integration-GEP-OPSC_Gold
//SI/CD/Digitel/bsgextensions,GOLD-Integration-Digitel-bsgextensions
//Component/common/ORGA/JAF_License,GOLD-common-JAF_License
//Component/common/JAF/LoadThrottling,GOLD-BAS-LoadThrottling
//SI/PI/OPSC_Gold_Entel,GOLD-Integration-OPSC_Gold_Entel
//Component/common/ORGA/oslee/cdr_vf_fiji,GOLD-NGCP-cdr_vf_fiji
//prelim_data/GCS_Migration,GOLD-Packages-GCS_Migration
//Component/common/JAF/IncoreJ,GOLD-BAS-IncoreJ
//COS/CustomerConfig/sunrise/OPSC_Gold,GOLD-Integration-sunrise-OPSC_Gold
//Component/common/JAF/eclipse,GOLD-BAS-eclipse
//COS/CustomerConfig/TimBrasil/OPSC/PROD,GOLD-Integration-TIMBrasil-CustomerConfig-PROD
//SI/CD/TimBrasil/MNP_SYNC,GOLD-Integration-MNP_SYNC
//Component/common/Gold/opsc_gold_refdb_persistence,GOLD-common-gold_refdb_persistence
//SI/PI/OPSC_Gold_TUR,GOLD-Integration-OPSC_Gold_TUR
//prelim_data/wIQ,GOLD-Packages-wIQ
//Component/common/ORGA/oslee/basic-sfsbb,GOLD-BSG-basic-sfsbb
//Component/common/JAF/build-templates,GOLD-BAS-build-templates
//SI/CD/TimBrasil/PIK,GOLD-Integration-PIK
//Component/common/ORGA/ovsc_vaiclientapi,GOLD-OVSC-ovsc_vaiclientapi
//COS/CustomerConfig/TPA/OPSC_Gold_PoC,GOLD-Integration-TPA-OPSC_Gold_PoC
//COS/CustomerConfig/BMW_ConnectedDrive_Migration/OPSC_GOLD,GOLD-Integration-BMW_ConnectedDrive_Migration-OPSC_GOLD
//Component/common/Gold/JAF_PluginService,GOLD-common-JAF_PluginService
//OPSC_Gold/gui,GOLD-GUI-gui
//COS/CustomerConfig/Tim/OPSC_Gold_Trial,GOLD-???-OPSC_Gold_Trial
//COS/CustomerConfig/Hubject/OPSC_Gold,GOLD-Integration-Hubject-OPSC_Gold
//OPSC_Gold/cs,GOLD-CS-core
//Component/common/ORGA/ComLayer,GOLD-RTE-ComLayer
//Component/qa/FIT/OPSCGoldToolKit,GOLD-Devtools-FIT_OPSCGoldToolKit
//Component/common/Gold/JAF_License,GOLD-BAS-JAF_License
//Component/common/ORGA/oum,GOLD-RTE-oum
//JavaProducts/CallMe,GOLD-CallMe-CallMe
//Component/common/ORGA/oslee/ws-standard,GOLD-BSG-ws-standard
//Component/common/ORGA/oslee/bas-ora,GOLD-BSG-bas-ora
//COS/CustomerConfig/Vodafone-Fiji/OPSC_Gold,GOLD-Integration-Vodafone-Fiji_OPSC_Gold
//Component/common/ORGA/opsc_gold_startup,GOLD-Startup-opsc_gold_startup
//JavaProducts/CML,GOLD-Integration-CML
//Component/common/ORGA/oslee/olc_vf_fiji,GOLD-NGCP-olc_vf_fiji
//SI/CD/TimItaly/integrationlayer,GOLD-Integration-TimItaly-integrationlayer
//Component/common/ORGA/oslee/build-templates_vf_fiji,GOLD-NGCP-build-templates_vf_fiji
//COS/CustomerConfig/BMW_MIgration/OPSC_Gold,GOLD-Integration-BMW_MIgration-OPSC_Gold
//Component/common/ORGA/oslee/bsg-sfsbb-intf,GOLD-BSG-bsg-sfsbb-intf
//OPSC_Gold/rte,GOLD-RTE-rte
//SI/AS/ccproxy,GOLD-Integration-ccproxy
//SCP/lic_kcell,GOLD-SCP-lic_kcell
//SI/CD/TPA/ocmgui_frontend,GOLD-Integration-TPA-ocmgui_frontend
//Component/network/tm2cdr,GOLD-network-tm2cdr
//COS/CustomerConfig/Entel/OPSC_Gold,GOLD-Integration-Entel-OPSC_Gold
//Component/common/ORGA/oui,GOLD-RTE-oui
//OPSC_Gold/FeatureConfig,GOLD-Config-FeatureConfig
//Component/common/JAF/RTEConnector,GOLD-BAS-RTEConnector
//Component/common/ORGA/elog,GOLD-CCP-elog
//Component/common/Gold/JAF_Cache,GOLD-common-JAF_Cache
//Component/common/ORGA/oslee/test-diameter,GOLD-NGCP-test-diameter
//Component/common/ORGA/oslee/test-common,GOLD-BSG-test-common
//Component/common/Gold/JAF_CSIConnector,GOLD-BAS-JAF_CSIConnector
//Component/common/JAF,GOLD-BAS-JAF
//ORGA/rmgmt/jenkins,GOLD-Devtools-jenkins
//Component/common/JAF/CbiCorba,GOLD-BAS-CbiCorba
//Component/common/ORGA/oslee/bsg-sfr,GOLD-BSG-bsg-sfr
//Component/network/mediationgw,GOLD-RTE-mediationgw
//Component/common/Gold/JAF_ComLayer,GOLD-common-JAF_ComLayer
//Component/common/JAF/Monitor,GOLD-BAS-Monitor
//Component/common/ORGA/oslee/pfp-sfr,GOLD-BSG-pfp-sfr
//Component/common/JAF/ValidatorFramework,GOLD-BAS-ValidatorFramework
//Component/common/JAF/CSIConnector,GOLD-BAS-CSIConnector
//Component/common/ORGA/oslee/hubject-sfr,GOLD-NGCP-hubject-sfr
//EMCP/wIQ_GUI,GOLD-WIQ-wIQ_GUI
//Component/qa/SLIM/TestSuite,GOLD-Devtools-TestSuite
//PRD/blueprint/BAS_WebGui_Client,GOLD-Blueprint-BAS_WebGui_Client
//Component/common/ORGA/oslee/testing-api,GOLD-BSG-testing-api
//OPSC_Gold/bas,GOLD-BAS-bas
//SI/CD/TimBrasil/TmsGui,GOLD-Integration-TIMBrasil-TmsGui
//SI/CD/Entel/BusinessServices,GOLD-Entel-BusinessServices
//SI/CD/Entel/customerextensions_demo,GOLD-Entel-customerextensions_demo
//prelim_data/OPSC_Gold_BAS,GOLD-Packages-OPSC_Gold_BAS
//EMCP/wIQ_GOLD,GOLD-WIQ-wIQ_GOLD
//SI/PI/MigrationTool,GOLD-SI-PI-MigrationTool
//OPSC_Gold/AddOn/RoamBroker,GOLD-BAS-RoamBroker
//COS/CustomerConfig/Telstrella/OPSC_Gold_Demo,GOLD-Integration-Telstrella-OPSC_Gold_Demo
//prelim_data/STC_INMS,GOLD-Packages-STC_INMS
//Component/qa/FIT/tools,GOLD-DevTools-tools
//Component/common/ORGA/oslee/olc,GOLD-NGCP-olc
//Component/common/ORGA/oslee/crm-sfr,GOLD-NGCP-crm-sfr
//Component/common/JAF/ObmsXmlConnector,GOLD-BAS-ObmsXmlConnector
//Component/common/JAF/Date,GOLD-BAS-Date
//Component/common/ORGA/opsc_gold_refdb_persistence,GOLD-BAS-opsc_gold_refdb_persistence
//Component/common/ORGA/oslee/ra,GOLD-BSG-ra
//OPSC_Gold/AddOn/Common,GOLD-AddOn-Common
//SI/CD/TimBrasil/customerextensions,GOLD-Integration-TimBrasil-customerextensions
//Component/qa/test_sim/xml_sim,GOLD-Devtools-xml_sim
//Component/common/Gold/JAF_EFDConnector,GOLD-BAS-JAF_EFDConnector
//SI/PI/MigrationTool_Sunrise,GOLD-SI-PI-MigrationTool_Sunrise
//COS/CustomerConfig/Demo/OPSC_Gold,GOLD-Integration-Demo-OPSC_Gold
//SI/CD/TPA/mcp,GOLD-Integration-TPA-mcp
//SI/CD/WMP/inmsws,GOLD-Integration-WMP-inmsws
//prelim_data/OPSC_Gold_bssif,GOLD-Packages-OPSC_Gold_bssif
//Component/network/xml_algorithm,GOLD-network-xml_algorithm
//Component/common/basis/connector/bas,GOLD-Integration-connector-bas
//Component/network/mediation,GOLD-RTE-mediation
//Component/common/ORGA/oslee/blueprint-extender,GOLD-BSG-blueprint-extender
//COS/CustomerConfig/WMP/OPSC_Gold,GOLD-Integration-WMP-OPSC_Gold
//COS/CustomerConfig/TimBrasil/VVS,GOLD-Vending-VVS
//COS/CustomerConfig/Tim/OPSC_Gold_MVNO_prod,GOLD-TIM-MVNO-OPSC_Gold_MVNO_prod
//Component/network/ftpcdr,GOLD-CBF-ftpcdr
//Component/common/JAF/MsgSrvConnector,GOLD-BAS-MsgSrvConnector
//Component/qa/rmisim,GOLD-Devtools-rmisim
//Component/common/ORGA/BulkOperations,GOLD-BulkOps-BulkOperations
//Component/common/ORGA/oslee/cc-ws,GOLD-NGCP-cc-ws
//COS/CustomerConfig/KCell/OPSC_Gold,GOLD-Integration-KCell-OPSC_Gold
//Component/common/Gold/JAF_Generator,GOLD-common-JAF_Generator
//Component/billing/ccn,GOLD-billing-ccn
//Component/qa/webtest,GOLD-Devtools-webtest
//Component/qa/wiqsim,GOLD-Devtools-wiqsim
//SI/PI/OPSC_Gold_WMP,GOLD-Integration-OPSC_Gold_WMP
//Component/common/ORGA/oslee/sfr,GOLD-BSG-sfr
//Component/common/basis,GOLD-Integration-basis
//Component/common/ORGA/odbi,GOLD-common-odbi
//Component/network/cdr,GOLD-CDR-cdr
//ORGA/tools/relnotesgen,GOLD-Devtools-relnotesgen
//Component/network/odscplib,GOLD-SCP-odscplib
//Component/common/JAF/OvscConnector,GOLD-BAS-OvscConnector
//JavaProducts/OSLEE,GOLD-BSG-OSLEE
//SI/PI/MigrationTool_Astelit,GOLD-Integration-MigrationTool_Astelit
//OPSC_Gold/DevConfig,GOLD-Config-DevConfig
//SI/CD/TimBrasil/BSCSTariffExtractor,GOLD-Integration-TimBrasil-BSCSTariffExtractor
//EMCP/wIQ,GOLD-WIQ-wIQ
//SI/CD/WMP/bbos,GOLD-Integration-bbos
//Component/qa/SLIM/SlimProject,GOLD-Devtools-SlimProject
//Component/network/hlr,GOLD-RTE-hlr
//Component/common/ORGA/oslee/hubject-ws,GOLD-NGCP-hubject-ws
//JavaProducts/oslee_bsg_perf,GOLD-BSG-oslee_bsg_perf
//PRD/blueprint/FitNesseHelper,GOLD-Blueprint-FitNesseHelper
//COS/CustomerConfig/internal/OPSC_Gold/R0.4/CS/svn-copy,GOLD-Integration-svn-copy-R0.4
//SCP/lic_entel,GOLD-SCP-lic_entel
//COS/CustomerConfig/Protei/OPSC_Gold,GOLD-Integration-Protei-OPSC_Gold
//COS/CustomerConfig/BeST/OPSC_Gold,GOLD-Integration-BeST-OPSC_Gold
//SI/CD/Digitel/ccp_customer,GOLD-Integration-Digitel-ccp_customer
//PRD/blueprint,GOLD-Blueprint-blueprint
//Component/qa/systemtest/tools/mcp/toum,GOLD-Devtools-mcp_toum
//SI/PI/MigrationTool_BeST,GOLD-Integration-MigrationTool_BeST
//Component/qa/ovsc,GOLD-Devtools-ovsc
//Component/qa/SLIM/OPSCGoldToolKit,GOLD-Devtools-SLIM_OPSCGoldToolKit
//Component/common/JAF/Generator,GOLD-BAS-Generator
//OPSC_Gold/MinConfig,GOLD-Config-MinConfig
//SI/CD/Entel/fitnesse,GOLD-Integration-Entel-fitnesse
//Component/common/ORGA/webguitemplates,GOLD-Devtools-webguitemplates
//COS/CustomerConfig/TPA/OPSC_Gold_PoC_Pre,GOLD-Integration-OPSC_Gold_PoC_Pre
//Component/common/ORGA/oslee/bas-connector,GOLD-BSG-bas-connector
//OPSC_Gold/IOTConfig,GOLD-Config-IOTConfig
//Component/common/ORGA/cdrgen,GOLD-RTE-cdrgen
//SI/CD/TimBrasil/ocm,GOLD-Integration-TimBrasil-ocm
//prelim_data/OPSC_Gold_customer_avea_config,GOLD-Packages-OPSC_Gold_customer_avea_config
//Component/common/ORGA/oslee/customercare-sfsbb,GOLD-NGCP-customercare-sfsbb
//SI/CD/TPA/ocmgui,GOLD-Integration-TPA-ocmgui
//Component/common/Gold/JAF_InvocationBroadcaster,GOLD-BAS-JAF_InvocationBroadcaster
//SI/CD/TimBrasil/ReRating,GOLD-Integration-TimBrasil-ReRating
//Component/common/ORGA/oslee/bas-connector-intf,GOLD-BSG-bas-connector-intf
//JavaProducts/oslee_pfp,GOLD-PFP-oslee_pfp
//SI/AS/lookupdb,GOLD-Integration-lookupdb
//Component/qa/systemtest/tools/mcp/tscap,GOLD-DevTools-tscap
//SI/CD/TUR/customerextensions,GOLD-Integration-TUR-customerextensions
//Component/network/report_dispatcher,GOLD-RTE-report_dispatcher
//Component/qa/performance_sizing_sheet,GOLD-Devtools-performance_sizing_sheet
//Component/common/JAF/Notification,GOLD-BAS-Notification
//Component/common/ORGA/oslee/sfsbb-skeleton,GOLD-BSG-sfsbb-skeleton
//OPSC_Gold/AddOn/dcd,GOLD-AddOn-dcd
//OPSC_Gold/OS.CC,GOLD-OS.CC-OS.CC
//prelim_data/OPSC_Gold_AddOn_OUPMServer,GOLD-Packages-OPSC_Gold_AddOn_OUPMServer
//Component/common/JAF/Ticket,GOLD-BAS-Ticket
//Component/qa/WebTestComponent,GOLD-Devtools-WebTestComponent
//Component/qa/dateset_mbeans,GOLD-Devtools-dateset_mbeans
//COS/CustomerConfig/TUR/OPSC_Gold,GOLD-Integration-TUR-OPSC_Gold
//SI/PI/MigrationTool_Avea,GOLD-Integration-MigrationTool_Avea
//SI/CD/BeST/customerextensions,GOLD-Integration-BeST-customerextensions
//COS/CustomerConfig/internal/OPSC_Gold/R0.3.3/CS/svn-copy,GOLD-Integration-svn-copy-R0.3.3
//Component/common/ORGA/oslee/log-adapter,GOLD-NGCP-log-adapter
//Component/common/JAF/OpscCcConnector,GOLD-BAS-OpscCcConnector
//Component/qa/trafficsim,GOLD-Devtools-trafficsim
//Component/common/Gold/JAF_Date,GOLD-common-JAF_Date
//JavaProducts/CML_CustomerSpecific/TIB/Gold,GOLD-Integration-CML_CustomerSpecific-Gold
//SI/CD/TPA/MigrationSupportTools,GOLD-Integration-TPA-MigrationSupportTools
//Component/common/ORGA/oslee/monitor,GOLD-Monitoring-monitor
//Component/common/ORGA/oslee/psc,GOLD-BSG-psc
//Component/network/tmif,GOLD-network-tmif
//Component/common/ORGA/opsc_gold_addonrvclientapi,GOLD-BAS-opsc_gold_addonrvclientapi-Gold
//ORGA/rmgmt/django/rmsite,GOLD-Devtools-rmsite
//OPSC_Gold/AddOn/MonitorGUI,GOLD-Monitoring-MonitorGUI
//Component/common/ORGA/oslee/batch,GOLD-BSG-batch
//OPSC_Gold/AddOn/ccproxy,GOLD-CCP-ccproxy
//Component/common/ORGA/oslee/bl-configuration,GOLD-BSG-bl-configuration
//Component/common/ORGA/oslee/api,GOLD-BSG-api
//COS/CustomerConfig/GridPoint/OPSC_Gold_PoC,GOLD-Integration-GridPoint-OPSC_Gold_PoC
//Component/common/Gold/opsc_gold_bastestclient,GOLD-common-bastestclient
//Component/common/JAF/License,GOLD-BAS-License
//Component/qa/orgadroid,GOLD-Devtools-orgadroid
//COS/CustomerConfig/Tim/OPSC_Gold_RHEL,GOLD-TIMMVNO-OPSC_Gold_RHEL
//COS/CustomerConfig/Demo/MWC2012,GOLD-Integration-MWC2012
//Component/common/ORGA/opsc_gold_persistence,GOLD-BAS-opsc_gold_persistence
//COS/CustomerConfig/TimBrasil/OPSC/FQA,GOLD-Integration-TimBrasil-FQA
//Component/common/ORGA/oslee/diameter-ira,GOLD-NGCP-diameter-ira
//Component/qa/BasServiceSimulator,GOLD-QA-BasServiceSimulator
//Component/common/ORGA/opsc_gold_basutils,GOLD-BAS-opsc_gold_basutils
//Component/common/ORGA/system_messages/admin_tool,GOLD-Devtools-admin_tool
//SCP,GOLD-SCP-SCP-core
//SI/CD/Entel/WebServiceAPI,GOLD-Integration-Entel-WebServiceAPI
//Component/qa/performance_framework,GOLD-Devtools-performance_framework
//Component/qa/systemtest/tools/wiq/tdcca,GOLD-DevTools-tdcca
//Component/common/ORGA/oslee/core,GOLD-NGCP-core
//Component/common/JAF/BaseRTEConnector,GOLD-BAS-BaseRTEConnector
//Component/common/ORGA/ostcpp,GOLD-RTE-ostcpp
//SI/CD/Sunrise/customerextensions,GOLD-Integration-Sunrise-customerextensions
//SI/CD/TimBrasil/GERT,GOLD-Integration-TimBrasil-GERT
//COS/CustomerConfig/PWC/OPSC_Gold,GOLD-Integration-PWC-OPSC_Gold
//OPSC/TIHBS,GOLD-Integration-OPSC-TIHBS
//Component/qa/test_sim/intmsim,GOLD-Devtools-intmsim
//OPSC_Gold/gbf,GOLD-GBF-gbf
//Component/common/ORGA/oslee/stat,GOLD-BSG-stat
//Component/common/JAF/CBIAdapter,GOLD-BAS-CBIAdapter
//SI/CD/Digitel/customerextensions,GOLD-Integration-Digitel-customerextensions
//prelim_data/shipments,GOLD-Packages-shipments
//SI/CD/WMP/bsg,GOLD-Integration-WMP-bsg
//COS/CustomerConfig/Tim/OPSC_Gold_MVNO,GOLD-TIMMVNO-OPSC_Gold_MVNO
//SI/CD/TPA/customerextensions,GOLD-Integration-TPA-customerextensions
//Component/common/ORGA/oslee/smgmt,GOLD-BSG-smgmt
//OPSC_Gold/AddOn/Migration,GOLD-BAS-Migration
//Component/common/Gold/JAF_JEE,GOLD-common-JAF_JEE
//Component/common/Gold/JAF_Notification,GOLD-common-JAF_Notification
//Component/common/JAF/SNMP,GOLD-BAS-SNMP
//SI/CD/TPA/ocmgui_webservice,GOLD-Integration-TPA-ocmgui_webservice
//SCP/lic,GOLD-SCP-lic
//Component/qa/GoldExtensionsUnitTest,GOLD-Devtools-GoldExtensionsUnitTest
//OPSC_Gold/ReferenceConfig,GOLD-Config-ReferenceConfig
//Component/common/ORGA/opsc_gold_cs/cfgmig,GOLD-BAS-cfgmig
//Component/qa/systemtest/tools/wiq/tsmsc,GOLD-Devtools-tsmsc
//Component/network/EricssonHLR,GOLD-RTE-EricssonHLR
//Component/common/JAF/ComLayer,GOLD-BAS-ComLayer
//Component/common/ORGA/oslee/poc-sfr,GOLD-BSG-poc-sfr
//Component/common/JAF/Cache,GOLD-BAS-Cache
//COS/Scripts/CS.SUP.2LSS,GOLD-Integration-CS.SUP.2LSS
//PRD/AssessmentTool,GOLD-Blueprint-AssessmentTool
//SI/CD/TUR/ASN1,GOLD-Integration-ASN1
//Component/common/Gold/opsc_gold_addonrvclientapi,GOLD-BAS-opsc_gold_addonrvclientapi-Gold
//Component/common/Gold/opsc_gold_cs_model,GOLD-BAS-opsc_gold_cs_model
//SCP/lic_astelit,GOLD-SCP-lic_astelit
//Component/common/Gold/JAF_LdapSecurity,GOLD-BAS-JAF_LdapSecurity
//Component/common/Gold/JAF_Validator,GOLD-common-JAF_Validator
//Component/common/Gold/JAF_License_v2,GOLD-BAS-JAF_License_v2
//Component/common/ORGA/oslee/sm,GOLD-BSG-sm
//SI/CD/TimBrasil/MNP,GOLD-Integration-TimBrasil-MNP
//SI/CD/Entel/customerextensions,GOLD-Integration-Entel-customerextensions
//SI/CD/TimBrasil/XEP,GOLD-Integration-TimBrasil-XEP
//Component/common/ORGA/oslee/bsg-web-service-sfr,GOLD-BSG-bsg-web-service-sfr
//Component/common/ORGA/jsnmp_agent,GOLD-SNMP-jsnmp_agent
//Component/common/ORGA/cpp-runtime,GOLD-CPP-cpp-runtime
//Component/common/JAF/SocketConnector,GOLD-BAS-SocketConnector
//Component/common/JAF/DynamicDb,GOLD-BAS-DynamicDb
//Component/common/Gold/opsc_gold_basclientapi,GOLD-common-gold_basclientapi
//Component/common/ORGA/oslee/diameter,GOLD-NGCP-diameter
//SI/CD/WMP/customerextensions,GOLD-Integration-WMP-customerextensions
//EMCP/wIQDemoClient,GOLD-WIQ-wIQDemoClient
//Component/qa/RessourceKit,GOLD-Component-RessourceKit
//Component/common/ORGA/oslee/ra_vf_fiji,GOLD-BSG-ra_vf_fiji
//Component/common/Gold/opsc_gold_csclientapi,GOLD-BAS-opsc_gold_csclientapi
//Component/common/ORGA/oslee/bsg-template,GOLD-BSG-bsg-template
//ORGA/rmgmt/cmtools/osail,GOLD-Devtools-osail
//Component/common/ORGA/opsc_gold_bastestclient,GOLD-BAS-opsc_gold_bastestclient
//Component/common/ORGA/oslee/crm-sfsbb-intf,GOLD-NGCP-crm-sfsbb-intf
//Component/common/ORGA/oracletools,GOLD-ODB-oracletools
//Component/common/ORGA/oslee/bsg-ws,GOLD-BSG-bsg-ws
//SI/CD/Digitel/massive-operations,GOLD-Integration-Digitel-massive-operations
//EMCP/WirelessLAN,GOLD-WIQ-WirelessLAN
//OPSC_Gold/AddOn/OUPMServer,GOLD-AddOn-OUPMServer
//Component/common/Gold/JAF_ErrorFramework,GOLD-common-JAF_ErrorFramework
//JavaProducts/oslee_bsg_gold_2.3.x,GOLD-BSG-oslee_bsg_gold_2.3.x
//prelim_data/OPSC_Gold_AddOn_Common,GOLD-Packages-OPSC_Gold_AddOn_Common
//Component/common/ORGA/oslee/bsg-common,GOLD-BSG-bsg-common
//SI/CD/TPA/fitnesse,GOLD-Integration-TPA-fitnesse
//Component/common/ORGA/oslee/bsg-sfsbb,GOLD-BSG-bsg-sfsbb
//Component/common/Gold/opsc_gold_addonmigclientapi,GOLD-BAS-opsc_gold_addonmigclientapi
//OPSC_Gold/AddOn/MigrationServer,GOLD-AddOn-MigrationServer
//SI/Component/IncoreProcessDataSource,GOLD-Integration-IncoreProcessDataSource
//SI/CD/TimBrasil/MART,GOLD-Integration-TimBrasil-MART
//Component/common/ORGA/oslee/sfsbb,GOLD-BSG-sfsbb
//OPSC_Gold/AddOn/BISolution,GOLD-BI-BISolution
//SI/CD/Entel/HighSpeedWebServices,GOLD-Integration-Entel-HighSpeedWebServices
//ORGA/rmgmt/rm_info_bin,GOLD-Devtools-rm_info_bin
//JavaProducts/CML_CustomerSpecific/TIB/Prepaid/OBMS,GOLD-Integration-CMLCustomerSpecific-OBMS
//Component/common/JAF/IncoreConnector,GOLD-BAS-IncoreConnector
//Component/common/ORGA/oslee/sfc,GOLD-BSG-sfc
//Component/common/Gold/JAF_OvscConnector,GOLD-BAS-JAF_OvscConnector
//SI/PI/OPSC_Gold_TimBrasil,GOLD-Integration-OPSC_Gold_TimBrasil
//SI/CD/TimBrasil/TariffExtractor,GOLD-Integration-TimBrasil-TariffExtractor
//Component/common/Gold/opsc_gold_addonocmclientapi,GOLD-BAS-opsc_gold_addonocmclientapi
//Component/common/ORGA/oslee/bas-addon-connector,GOLD-BSG-bas-addon-connector
//Component/common/ORGA/oslee/poc-sfsbb,GOLD-BSG-poc-sfsbb
//Component/common/ORGA/oslee/test-bas-connector,GOLD-BSG-test-bas-connector
//Component/qa/COM/CustomerSubscriptionSimulator,GOLD-Devtools-CustomerSubscriptionSimulator
//COS/CustomerConfig/Mobilkom/OPSC_Gold,GOLD-Integration-Mobilkom-OPSC_Gold
//OPSC/TIM_RTE,GOLD-RTE-TIM_RTE
//Component/common/ORGA/oupm,GOLD-RTE-oupm
//Component/common/ORGA/snmp_agent,GOLD-common-snmp_agent
//EMCP/wIQopsc,GOLD-WIQ-wIQopsc
//Component/common/ORGA/oslee/pfp-sfsbb,GOLD-BSG-pfp-sfsbb
//Component/common/JAF/PluginService,GOLD-BAS-PluginService
//Component/qa/olcsim,GOLD-Devtools-olcsim
//Component/common/JAF/Utilities,GOLD-BAS-Utilities
//PRD/blueprint/CDR_Generator_GUI,GOLD-Blueprint-CDR_Generator_GUI
//Component/common/ORGA/opsc_gold_csclientapi,GOLD-BAS-opsc_gold_csclientapi
//SI/CD/TPA/faf,GOLD-Integration-TPA-faf
//COS/CustomerConfig/Tim/OPSC_Gold,GOLD-RTECustomerConfig?-OPSC_Gold
//Component/common/ORGA/xml_lite,GOLD-common-xml_lite
//Component/common/ORGA/opsc_gold_basinternalapi,GOLD-BAS-opsc_gold_basinternalapi
//SI/CD/TimBrasil/PatternGenerator,GOLD-Integration-TimBrasil-PatternGenerator
//COS/CustomerConfig/Astelit/NGCP,GOLD-Integration-NGCP
//COS/CustomerConfig/BeST/ARGELA_IVR,GOLD-Integration-ARGELA_IVR
//Component/common/ORGA/oslee/build-templates,GOLD-NGCP-build-templates
//OPSC_Gold/AddOn/ocm,GOLD-BAS-ocm
//SI/AS/faf,GOLD-Integration-faf
//Component/common/JAF/LoadBalancer,GOLD-BAS-LoadBalancer
//Component/common/Gold/opsc_gold_bas-jpa-persistence,GOLD-BAS-opsc_gold_bas-jpa-persistence
//Component/qa/FIT/OPSCGoldFixtures,GOLD-Devtools-OPSCGoldFixtures
//Component/common/Gold/JAF_SNMP,GOLD-BAS-JAF_SNMP
//SCP/vicorp_delivery/betex2/vis/ds,GOLD-SCP-ds
//Component/common/ORGA/oslee/hubject-sfsbb,GOLD-NGCP-hubject-sfsbb
//Component/network/smsc-client,GOLD-WIQ-smsc-client
//Component/common/JAF/Log4jConfigurator,GOLD-BAS-Log4jConfigurator
//Component/common/JAF/ErrorFramework,GOLD-BAS-ErrorFramework
//prelim_data/OPSC_Gold_AddOn_OMAdapter,GOLD-Packages-OPSC_Gold_AddOn_OMAdapter
//OPSC_Gold/system,GOLD-System-sys
//Component/common/ORGA/opsc_gold_cs/model,GOLD-BAS-model
//Component/common/ORGA/opsc_gold_basclientapi,GOLD-BAS-opsc_gold_basclientapi
//Component/common/ORGA/oslee/joslee,GOLD-NGCP-joslee
//SI/CD/Digitel/mops,GOLD-Integration-Digitel-mops
//PRD/blueprint/HLR_Simulator,GOLD-Blueprint-HLR_Simulator
//JavaProducts/oslee_bsg,GOLD-Java-oslee_bsg
//prelim_data/OPSC_Gold_customer_BeST_Migration,GOLD-Packages-OPSC_Gold_customer_BeST_Migration
//COS/CustomerConfig/Astelit,GOLD-Integration-Astelit
//COS/CustomerConfig/BMW/Care,GOLD-Integration-Care
//Component/qa/webtdl,GOLD-Devtools-webtdl
//Component/common/ORGA/lic,GOLD-License-lic
//COS/CustomerConfig/TimBrasil/OPSC_Gold,GOLD-Integration-TimBrasil-OPSC_Gold
//Component/common/JAF/PropertyConfig,GOLD-BAS-PropertyConfig
//Component/common/ORGA/ovsc_vaiutils,GOLD-OVSC-ovsc_vaiutils
//ORGA/tools/jenkins,GOLD-Devtools-ORGA_jenkins
//SCP/lic_avea,GOLD-SCP-lic_avea
//SI/PI/MigrationTool_Entel,GOLD-Integration-Entel-MigrationTool_Entel
//Component/common/basis/connector/infobus,GOLD-Integration-connector-infobus
//EMCP/wIQSCPAdapter,GOLD-WIQ-wIQSCPAdapter
//COS/CustomerConfig/BMW/CareConfig,GOLD-Integration-CareConfig
//Component/common/Gold/opsc_gold_persistence,GOLD-common-gold_persistence
//ORGA/rmgmt/pcs_bin,GOLD-Devtools-pcs_bin
//COS/CustomerConfig/Tim/OPSC_Gold_Tiscali,GOLD-TIMMVNO-OPSC_Gold_Tiscali
//Component/qa/systemtest/tools/ngcp/tdcca_server,GOLD-Devtools-tdcca_server
//Component/common/Gold/JAF_RTEConnector,GOLD-common-JAF_RTEConnector
//Component/common/ORGA/oslee/log,GOLD-NGCP-log
//Component/common/ORGA/opsc_gold_rte/component/UnifiedRatePlan,GOLD-RTE-UnifiedRatePlan
//OPSC_Gold/acc,GOLD-ACC-acc
//Component/qa/ReferenceBuilder,GOLD-DevTools-ReferenceBuilder
//PRD/blueprint/Mobile_WebGui_Simulator,GOLD-Blueprint-Mobile_WebGui_Simulator
//Component/common/ORGA/oslee/diameter_vf_fiji,GOLD-NGCP-diameter_vf_fiji
//Component/common/ORGA/oslee/ws-security,GOLD-BSG-ws-security
//Component/common/ORGA/opsc_snmp,GOLD-BAS-opsc_snmp
//Component/common/Gold/JAF_DynamicDb,GOLD-common-JAF_DynamicDb
//SI/CD/TPA/redo_bad_states,GOLD-Integration-TPA-redo_bad_states
//SI/PI/OPSC_Gold_TICorp,GOLD-TIM-Corporate-OPSC_Gold_TICorp
//Component/qa/systemtest/tools/mcp/tdcca,GOLD-Devtools-tdcca
//Component/common/ORGA/oslee/intmv5,GOLD-NGCP-intmv5
//Component/common/ORGA/oslee/em,GOLD-NGCP-em
//SI/CD/Digitel/fitnesse,GOLD-Integration-Digitel-fitnesse
//OPSC_Gold/AddOn/ReloadVoucher,GOLD-BAS-ReloadVoucher
//Component/network/service_mgmt,GOLD-network-service_mgmt
//prelim_data/OPSC_Gold_AddOn_HSM,GOLD-Packages-OPSC_Gold_AddOn_HSM
//prelim_data/CCP,GOLD-Packages-CCP
//prelim_data/OPSC_Gold_AddOn_ocm,GOLD-Packages-OPSC_Gold_AddOn_ocm
//SI/CD/Astelit/customerextensions,GOLD-Integration-Astelit-customerextensions
//Component/network/config_updater,GOLD-RTE-config_updater
//Component/qa/opsc_gold_stubbed_api,GOLD-Devtools-opsc_gold_stubbed_api
//Component/common/Gold/JAF_PropertyConfig,GOLD-common-JAF_PropertyConfig
//Component/qa,GOLD-DevTools-qa
//COS/CustomerConfig/BMW_DPE/OPSC_Gold,GOLD-Integration-BMW_DPE-OPSC_Gold
//COS/CustomerConfig/BMW/OPSC_Gold,GOLD-Integration-BMW-OPSC_Gold
//Component/common/ORGA/oslee/ngcp-extensions,GOLD-NGCP-ngcp-extensions
//SI/CD/TPA/jms,GOLD-Integration-TPA-jms
//COS/CustomerConfig/Telstrella/OPSC_Gold,GOLD-Integration-Telstrella-OPSC_Gold
//Component/common/Gold/opsc_gold_commons,GOLD-common-gold_commons
//SI/PI/OPSC_Gold_TPA_POC,GOLD-Integration-OPSC_Gold_TPA_POC
//COS/CustomerConfig/WMP/OFM,GOLD-Integration-OFM
//Component/qa/BasTestComponent,GOLD-Devtools-BasTestComponent
//SI/CD/WMP/ovscws,GOLD-Integration-WMP-ovscws
//Component/qa/systemtest/tools/wiq/tnsg,GOLD-Devtools-tnsg
//Component/common/JAF/Validator,GOLD-BAS-Validator
//Component/common/ORGA/ocm,GOLD-BAS-ocm
//SI/PI/OPSC_Gold_BeST,GOLD-Integration-OPSC_Gold_BeST
//Component/common/ORGA/oslee/sfr_vf_fiji,GOLD-BSG-sfr_vf_fiji
//OPSC_Gold/AddOn/VPN_SetupServer,GOLD-BAS-VPN_SetupServer
//SI/PI/OPSC_Gold_Entel_Demo,GOLD-Integration-OPSC_Gold_Entel_Demo
//JavaProducts/BSG_Web_Services,GOLD-BSG-BSG_Web_Services
//SI/CD/TimBrasil/TCOEG,GOLD-Integration-TimBrasil-TCOEG
//OPSC_Gold/cbf,GOLD-CBF-cbf
//Component/common/ORGA/oslee/sfsbb_vf_fiji,GOLD-BSG-sfsbb_vf_fiji
//Component/common/JAF/InvocationBroadcaster,GOLD-BAS-InvocationBroadcaster
//SI/CD/TUR/bsg,GOLD-Integration-TUR-bsg
//Component/common/ORGA/oslee/ldb,GOLD-NGCP-ldb
//COS/CustomerConfig/Sandvine/OPSC_Gold,GOLD-Integration-Sandvine-OPSC_Gold
//Component/common/Gold/opsc_gold_basutils,GOLD-common-gold_basutils
//SI/CD/TPA/ocmgui_backend,GOLD-Integration-TPA-ocmgui_backend
//Component/qa/systemtest/tools/wiq/toum,GOLD-Devtools-wiq_toum
//JavaProducts/NGCP,GOLD-NGCP-NGCP
//COS/CustomerConfig/Tim/OPSC_Gold_SUSE,GOLD-TIMMVNO-OPSC_Gold_SUSE
//Component/common/ORGA/oslee/bas-addon-connector-intf,GOLD-BSG-bas-addon-connector-intf
//Component/network/SCP,GOLD-SCP-SCP
//Component/qa/basloadgen,GOLD-Dev-Tools-basloadgen
//OPSC_Gold/dbMigration,GOLD-ODB-dbMig
//Component/common/ORGA/ost,GOLD-RTE-ost
//Component/common/ORGA/oslee/tools,GOLD-BSG-tools
//Component/common/ORGA/oslee/ws-core,GOLD-BSG-ws-core
//ORGA/rmgmt/cmtools/pdwizard,GOLD-Devtools-pdwizard
//Component/common/JAF/Security,GOLD-BAS-Security
//Component/common/ORGA/oslee/cdr,GOLD-NGCP-cdr
//COS/CustomerConfig/Telkomsel/OPSC_Gold,GOLD-Integration-Telkomsel-OPSC_Gold
//PRD/blueprint/BSG_WebGui_Client,GOLD-Blueprint-BSG_WebGui_Client
//prelim_data/OPSC_Gold_AddOn_Migration,GOLD-Packages-OPSC_Gold_AddOn_Migration
//OPSC_Gold/bssif,GOLD-BSSIF-bssif
//Component/common/ORGA/oslee/diameter-ora,GOLD-NGCP-diameter-ora
//Component/common/ORGA/db_control,GOLD-Devtools-db_control
//Component/common/ORGA/opsc_gold_dcd,GOLD-BAS-opsc_gold_dcd
//SI/CD/TPA/MigrationTool,GOLD-Integration-TPA-MigrationTool
//Component/common/ORGA/oslee/crm-sfsbb,GOLD-NGCP-crm-sfsbb
//Component/qa/IntegrationTestToolkit,GOLD-Devtools-IntegrationTestToolkit
//Component/common/Gold/opsc_gold_basinternalapi,GOLD-common-gold_basinternalapi
//SI/CD/TimBrasil/FUPackageExtractor,GOLD-Integration-FUPackageExtractor
//COS/CustomerConfig/Astelit/OPSC_Gold,GOLD-Integration-Astelit-OPSC_Gold
//SI/CD/Bert/customerextensions,GOLD-Integration-Bert-customerextensions
//Component/qa/3rdparty/fitnesse,GOLD-3rdparty-fitnesse
//Component/common/ORGA/templates,GOLD-common-templates
//Component/common/ORGA/opsc_gold_rte/code_style,GOLD-common-gold_rte
//Component/common/JavaDev/xdoclet,GOLD-JavaDev-xdoclet
//Component/common/JavaDev/mockito,GOLD-JavaDev-mockito
//Component/common/JavaDev/junit,GOLD-JavaDev-junit
//Component/common/JavaDev/junitperf,GOLD-JavaDev-junitperf
//Component/common/JavaDev/jdom,GOLD-JavaDev-jdom
//Component/common/JavaDev/jboss,GOLD-JavaDev-jboss
//Component/common/JavaDev/sun-j2ee,GOLD-JavaDev-sun-j2ee
//Component/common/JavaDev/log4j,GOLD-JavaDev-log4j
//Component/common/JavaDev/jmock,GOLD-JavaDev-jmock
//Component/common/JavaDev/commons-compress,GOLD-JavaDev-commons-compress
//Component/common/JavaDev/slf4j,GOLD-JavaDev-slf4j
//Component/common/JavaDev/oracle-jdbc,GOLD-JavaDev-oracle-jdbc
//Component/common/JavaDev/jamonapi,GOLD-JavaDev-jamonapi
//Component/common/JavaDev/jibx,GOLD-JavaDev-jibx
//Component/common/JavaDev/commons-bcel,GOLD-JavaDev-commons-bcel
//Component/common/JavaDev/jconfig,GOLD-JavaDev-jconfig
//Component/common/JavaDev/commons-logging,GOLD-JavaDev-commons-logging
//Component/common/JavaDev/commons-digester,GOLD-JavaDev-commons-digester
//Component/common/JavaDev/commons-collections,GOLD-JavaDev-commons-collections
//Component/common/JavaDev/commons-beanutils,GOLD-JavaDev-commons-beanutils
//Component/common/JavaDev/commons-cli,GOLD-JavaDev-commons-cli
//Component/common/JavaDev/commons-codec,GOLD-JavaDev-commons-codec
//Component/common/JavaDev/commons-io,GOLD-JavaDev-commons-io
//Component/common/JavaDev/sapia,GOLD-JavaDev-sapia
//Component/common/JavaDev/httpunit,GOLD-JavaDev-httpunit
//Component/common/JavaDev/xstream,GOLD-JavaDev-xstream
//Component/common/JavaDev/jdk,GOLD-JavaDev-jdk
//Component/common/JavaDev/jackson,GOLD-JavaDev-jackson
//Component/common/JavaDev/apache-felix,GOLD-JavaDev-apache-felix
//Component/common/JavaDev/apache-cxf,GOLD-JavaDev-apache-cxf
//Component/common/OpenSource/utplsql,GOLD-OpenSource-utplsql
//Component/common/JavaDev/findbugs,GOLD-JavaDev-findbugs
//Component/common/perl,GOLD-Devtools-perl
//Component/common/OpenSource/db,GOLD-OpenSource-db
//Component/common/OpenSource/openldap,GOLD-OpenSource-openldap
//Component/common/OpenSource/boost,GOLD-OpenSource-boost
//Component/common/OpenSource/curl,GOLD-OpenSource-curl
//Component/common/OpenSource/openssl,GOLD-OpenSource-openssl
//Component/common/OpenSource/libxml2,GOLD-OpenSource-libxml2
//Component/common/OpenSource/libxml,GOLD-OpenSource-libxml
//Component/common/OpenSource/libxslt,GOLD-OpenSource-libxslt
//Component/common/OpenSource/libssh2,GOLD-OpenSource-libssh2
//Component/common/OpenSource/bzip2,GOLD-OpenSource-bzip2
//Component/common/JavaDev/jakarta-tomcat,GOLD-JavaDev-jakarta_tomcat
//Component/common/OpenSource/zlib,GOLD-OpenSource-zlib
//Component/common/OpenSource/sqlite,GOLD-OpenSource-sqlite
//Component/common/ExtTools/Roambroker,GOLD-ExtTools-Roambroker
//Component/common/ExtTools/VERTEL,GOLD-ExtTools-VERTEL
//Component/common/Gold/JAF_CBIAdapter,GOLD-common-JAF_CBIAdapter
//Component/common/Gold/JAF_CbiCorba,GOLD-common-JAF_CbiCorba
//Component/common/ORGA/tools,GOLD-Devtools-tools
//Component/common/fastcgi,GOLD-common-fastcgi
//Component/common/idbm_old,GOLD-common-idbm_old
//Component/common/izpack,GOLD-common-izpack
//Component/common/j2ee,GOLD-common-j2ee
//Component/common/j2sdk,GOLD-common-j2sdk
//Component/common/jconfig,GOLD-common-jconfig
//Component/common/jdbc,GOLD-common-jdbc
//Component/common/jetty,GOLD-common-jetty
//Component/common/junit,GOLD-common-junit
//Component/common/libgcc,GOLD-common-libgcc
//Component/common/libmmm,GOLD-common-libmmm
//Component/common/mico,GOLD-common-mico
//Component/common/stlport,GOLD-common-stlport
//Component/common/subversion,GOLD-common-subversion
//Component/common/tcltk,GOLD-common-tcltk
//Component/common/tools,GOLD-common-tools
//Component/common/xdoclet,GOLD-common-xdoclet
//OBMS,GOLD-OBMS
//OEM/CWOC,GOLD-OEM-CWOC
//OPSC/APC_R1.6,GOLD-APC_R1.6
//OPSC/UPC_R1.4,GOLD-UPC_R1.4
//OPSC/UPC_R1.5,GOLD-UPC_R1.5
//OPSC_Gold/3rdparty/apache,GOLD-JavaDev-apache
//OPSC_Gold/3rdparty/perl,GOLD-Devtools-perl_gold
//Component/common/JavaDev/idldepend,GOLD-JavaDev-idldepend
//Component/common/JavaDev/xpp3_min,GOLD-JavaDev-xpp3_min
//Component/common/JavaDev/eclipse-plugins,GOLD-JavaDev-eclipse-plugins
//Component/common/JavaDev/commons-validator,GOLD-JavaDev-commons-validator
//Component/common/JavaDev/bnd,GOLD-JavaDev-bnd
//Component/common/JavaDev/commons-lang,GOLD-JavaDev-commons-lang
//Component/common/JavaDev/aopalliance,GOLD-JavaDev-aopalliance
//Component/common/JavaDev/spring-framework,GOLD-JavaDev-spring-framework
//Component/common/JavaDev/eclipse.org,GOLD-JavaDev-eclipse.org
//Component/common/JavaDev/commons-pool,GOLD-JavaDev-commons-pool
//Component/common/JavaDev/btrace,GOLD-JavaDev-btrace
//Component/common/OpenSource/python-suds,GOLD-OpenSource-python-suds
//Component/common/JavaDev/ant-contrib,GOLD-JavaDev-ant-contrib
//Component/common/JavaDev/eclipse,GOLD-JavaDev-eclipse
//Component/common/JavaDev/commons-betwixt,GOLD-JavaDev-commons-betwixt
//Component/common/JavaDev/jakarta-oro,GOLD-JavaDev-jakarta-oro
//Component/common/JavaDev/xmlbeans,GOLD-JavaDev-xmlbeans
//ORGA/rmgmt/cmtools/jbe4_plugin,GOLD-Devtools-jbe4_plugin
//Component/common/Tieto,GOLD-common-Tieto
//Component/common/JavaDev/ant,GOLD-JavaDev-ant
//Component/common/JavaDev/Ericsson,GOLD-JavaDev-Ericsson
//Component/common/JavaDev/commons-net,GOLD-JavaDev-commons-net
//Component/common/OpenSource/seagull,GOLD-common-seagull
//Component/common/JavaDev/jakarta-jmeter,GOLD-JavaDev-jakarta-jmeter
//Component/common/OpenSource/postgresql,GOLD-common-postgresql
//Component/common/ORGA/oarp,GOLD-common-ORGA-oarp
//OVSC/PRVOUCH/dev,GOLD-common-prvouch-dev
//Component/common/JavaDev/apache-xmlrpc,GOLD-JavaDev-apache-xmlrpc
//Component/common/OpenSource/Netcat,GOLD-common-Netcat
//Component/common/OpenSource/fcgi,GOLD-common-fcgi
//Component/common/apache,GOLD-common-apache
//Component/common/OpenSource/w3c-libwww,GOLD-OpenSource-w3c-libwww
//Component/common/OpenSource/xmlrpc-c,GOLD-common-xmlrpc-c
//Component/common/OpenSource/gcovr,GOLD-common-gcovr
//Component/common/JavaDev/apache-tomcat,GOLD-JavaDev-apache-tomcat
//Component/common/ExtTools/ORACLE,GOLD-ExtTools-ORACLE
//OVSC,GOLD-OVSC-core
//Component/common/JavaDev/commons-httpclient,GOLD-JavaDev-commons-httpclient
//Component/common/JavaDev/grails,GOLD-JavaDev-grails
//Component/common/JavaDev/pmd,GOLD-JavaDev-pmd
//Component/common/JavaDev/checkstyle,GOLD-JavaDev-checkstyle
//Component/common/JavaDev/ehcache,GOLD-JavaDev-ehcache
//Component/common/JavaDev/apache-cxf-bundle,GOLD-JavaDev-apache-cxf-bundle
//Component/common/JavaDev/fastinfoset,GOLD-JavaDev-fastinfoset
//Component/common/JavaDev/groovyws,GOLD-JavaDev-groovyws
//Component/common/JavaDev/jaxen,GOLD-JavaDev-jaxen
//Component/common/JavaDev/woodstox,GOLD-JavaDev-woodstox
//Component/common/JavaDev/jquery-jqplot,GOLD-JavaDev-jquery-jqplot
//Component/common/JavaDev/jquery-ui,GOLD-JavaDev-jquery-ui
//Component/common/JavaDev/bootstrap,GOLD-JavaDev-bootstrap
//Component/common/JavaDev/bootstrap-datepicker,GOLD-JavaDev-bootstrap-datepicker
//Component/common/JavaDev/jquery,GOLD-JavaDev-jquery
//Component/common/JavaDev/json-simple,GOLD-JavaDev-json-simple
//Component/common/JavaDev/jquery-tidy-table,GOLD-JavaDev-jquery-tidy-table
//Component/common/JavaDev/jquery-jscrollpane,GOLD-JavaDev-jquery-jscrollpane
//Component/common/JavaDev/jquery-ui-touch-punch,GOLD-JavaDev-jquery-ui-touch-punch
//release_data/OPSC_Gold_BAS,GOLD-BAS-OPSC_Gold_BAS
//Component/common/JavaDev/sonar-ant-task,GOLD-JavaDev-sonar-ant-task
//Component/common/ORGA/system_messages/data,GOLD-common-system_messages
//Component/common/JavaDev/arquillian,GOLD-JavaDev-arquillian
//Component/common/JavaDev/jacoco,GOLD-JavaDev-jacoco
//Component/common/JavaDev/javasvn,GOLD-JavaDev-javasvn
//Component/common/JavaDev/jsch,GOLD-JavaDev-jsch
//Component/common/JavaDev/shrinkwrap,GOLD-JavaDev-shrinkwrap
//Component/common/JavaDev/shrinkwrap-descriptors,GOLD-JavaDev-shrinkwrap-descriptors
//Component/common/OpenSource/subversion,GOLD-OpenSource-subversion
//Component/qa/staf,GOLD-Dev-Tools-staf
//OPSC_Gold/3rdparty/jboss,GOLD-JavaDev-3rdparty_jboss
//Component/common/JavaDev/dbunit,GOLD-JavaDev-dbunit
//Component/common/JavaDev/emf-rt,GOLD-JavaDev-emf-rt
//Component/common/JavaDev/getopt,GOLD-JavaDev-getopt
//Component/common/JavaDev/izpack,GOLD-common-izpack
//Component/common/JavaDev/jdom,GOLD-JavaDev-jdom
//Component/common/JavaDev/sapia,GOLD-JavaDev-sapia
//TEST/jenkins_perforce_bridge,GOLD-TEST-jenkins_perforce_bridge
